id,ten,gioi_tinh
034891,unknown,unknown
050096,unknown,unknown
050099,unknown,unknown
086438,unknown,unknown
086620,unknown,unknown
088638,unknown,unknown
091978,unknown,unknown
119504,unknown,unknown
119504_4,unknown,unknown
119706,unknown,unknown
121328,unknown,unknown
132211,unknown,unknown
8452_ccdng,unknown,unknown
an3503_ccdng,unknown,unknown
anh260,ánh,nu
anh6747,ánh,nu
anh6835,ánh,nu
anhdvt,ánh,nu
anhdvt-cskh,ánh,nu
anhdvt_3,ánh,nu
anhdvt_4,ánh,nu
anhnhut,nhựt,nam
anhnhut_4,nhựt,nam
anhnt,ánh,nu
anhnt36,ánh,nu
anhntc,ánh,nu
anhntv20,ánh,nu
anhntv20_4,ánh,nu
anhptk,ánh,nu
anhptk_3,ánh,nu
anhth1,ánh,nu
anhth1_3,ánh,nu
anhth1_4,ánh,nu
anhtm1,ánh,nu
anhvh,ánh,nu
anhvtn2,ánh,nu
annh,unknown,unknown
bacnt5,bắc,nam
bacnt5_4,bắc,nam
bangnt2,bằng,nam
baodt,bảo,nam
baodt1,bảo,nam
baolt2682016,bảo,nam
baov15,bảo,nam
bauht,unknown,unknown
beabcd,unknown,unknown
bich8847,bích,nu
bien3985,biên,nam
binhpt1,bình,unknown
chauntc,hà,nu
chauvth,hà,nu
chiennx1,hiền,nu
chienps,hiền,nu
chilk,unknown,unknown
chiltk86,unknown,unknown
chink,unknown,unknown
chucpt151,unknown,unknown
chung4052,hùng,nam
chungtt,hùng,nam
cong7713,công,nam
conmeo,unknown,unknown
conmeo_4,unknown,unknown
cskh_vt_oahqtoan7658_cc2,toàn,nam
cucnt,unknown,unknown
cucnt2,unknown,unknown
cucnt3,unknown,unknown
cuong3516_ccdng,cường,nam
cuongdc-tts,cường,nam
cuongdc4,cường,nam
cuongdc5,cường,nam
cuongdo_ccdng,cường,nam
cuongdp,cường,nam
cuongna2,cường,nam
cuongnm10,cường,nam
cuongnm20,cường,nam
cuongpv,cường,nam
cuongpv5,cường,nam
daipv,đại,nam
dangtm,đăng,nam
daott1,unknown,unknown
dat71_ccdng,đạt,nam
datlq,đạt,nam
datnt,đạt,nam
diem1559,unknown,unknown
diemnth2,unknown,unknown
dien6035,điền,nam
dienltd,điền,nam
diepnb1,diệp,nu
dieunt,diệu,nu
dinht,định,nam
dinhtt,định,nam
diubt,unknown,unknown
diunt2,unknown,unknown
dongmx,unknown,unknown
du2580,unknown,unknown
dungnt,dung,unknown
dungntk2,dung,unknown
dungntk3,dung,unknown
dungntk3_4,dung,unknown
dungntn1,dung,unknown
duongntt6,dương,unknown
duongpn,dương,unknown
duyen3284,yến,nu
duyen6237,yến,nu
duyendtt,yến,nu
duyennt2,yến,nu
duyentd,yến,nu
duyenvtb,yến,nu
duyenvtb_3,yến,nu
duyenvtb_4,yến,nu
duytq3_ccdng,duy,nam
gamdt1,unknown,unknown
gian123,unknown,unknown
giang6057,giang,nu
giang6057_4,giang,nu
gianghl,giang,nu
ha2503_ccdng,hà,nu
ha6712,hà,nu
hacltv,hà,nu
hacntv,hà,nu
hacntv1,hà,nu
hacntv_3,hà,nu
hacntv_4,hà,nu
hadnt,hà,nu
hadv4,hà,nu
hahtn,hà,nu
halh,hà,nu
halh2,hà,nu
hang3t,hằng,nu
hang3t_3,hằng,nu
hangdtn,hằng,nu
hangl93,hằng,nu
hanglt,hằng,nu
hangltt5_ccdng,hằng,nu
hangnt,hằng,nu
hangnt58,hằng,nu
hangnta_ccdng,hằng,nu
hangntt,hằng,nu
hangptt1,hằng,nu
hangptt7121,hằng,nu
hangtt16,hằng,nu
hangttt10,hằng,nu
hanh9730_ccdng,ánh,nu
hanhhth,ánh,nu
hanhntm,ánh,nu
hanntn,hân,nu
hanntn1,hân,nu
hant2,hân,nu
hantt1,hân,nu
haodd1,hào,nam
haohtb,hào,nam
haohtb1,hào,nam
haopt,hào,nam
haotp,hào,nam
hapt4,hà,nu
haptt,hà,nu
haptt12393,hà,nu
hattn,hà,nu
hetv1,unknown,unknown
hien9623,hiền,nu
hienht136,hiền,nu
hiennh,hiền,nu
hiennt7,hiền,nu
hientnt,hiền,nu
hienvtt,hiền,nu
hienvtt1,hiền,nu
hiep8908,hiệp,nam
hiepnv7,hiệp,nam
hieu3125,hiếu,unknown
hieudc,hiếu,unknown
hieunghia,nghĩa,nam
hmtuan,tuấn,nam
hoa97,hoa,nu
hoahongxanh94,ánh,nu
hoalt,hoa,nu
hoangduy23,duy,nam
hoangduy23_3,duy,nam
hoangmd,hoàng,nam
hoangmd1,hoàng,nam
hoangmd1_3,hoàng,nam
hoangmd1_4,hoàng,nam
hoangnv_ccdng,hoàng,nam
hoanhnt,ánh,nu
hoanpp,hoàn,nam
hoant7195,hoàn,nam
hoantt1,hoàn,nam
hoantt117,hoàn,nam
hoanxa,hoàn,nam
hoanxa_3,hoàn,nam
hoanxa_4,hoàn,nam
honganh260,ánh,nu
hongloan012,loan,nu
honglta,hồng,nu
hongng,hồng,nu
hongnt,hồng,nu
hongntt,hồng,nu
hongvt-tss,hồng,nu
hongvt-tts,hồng,nu
hopht,unknown,unknown
hopht_4,unknown,unknown
hsanh2206,ánh,nu
hsanh294_ccdng,ánh,nu
hsanh7958_cc2,ánh,nu
hscong7713,công,nam
hsdieu826_ccdng,diệu,nu
hshai1668_ccdng,hải,unknown
hshiep8908_cchpg,hiệp,nam
hshuy2545_ccdng,huy,nam
hslanh7849_ccdng,ánh,nu
hslanh7849_ccdng_3,ánh,nu
hslinh9621_ccdng,linh,nu
hslit3690_ccdng,unknown,unknown
hsmanh4652_cc2,ánh,nu
hsngoc8961,ngọc,nu
hsnhung2452_ccdng,hùng,nam
hsnhung9042,hùng,nam
hsnhung9746_ccdng,hùng,nam
hstan8617_ccdng,tân,nam
hsthao8950_cchpg,hào,nam
hsthu8954,thu,nu
hsthuc9099,thức,nam
hsthuc9099_cchpg,thức,nam
hsthuy8502_ccdng,huy,nam
hsvan3078,vân,unknown
hsvinh7727,vinh,nam
huannv1,unknown,unknown
huannv1_3,unknown,unknown
hue4732,huệ,nu
huebth,huệ,nu
huelt158,huệ,nu
huentb,huệ,nu
huentk,huệ,nu
hula3,unknown,unknown
hung260,hùng,nam
hungbq,hùng,nam
hungbq2,hùng,nam
hungbq2_4,hùng,nam
hungdv10,hùng,nam
hungdv10_4,hùng,nam
hunglc,hùng,nam
hunglc_3,hùng,nam
hunglt4,hùng,nam
hungpt,hùng,nam
hungtvv,hùng,nam
hungtvv_4,hùng,nam
huong178,hương,nu
huong182,hương,nu
huongdt,hương,nu
huonghd,hương,nu
huonght,hương,nu
huonght10,hương,nu
huongln,hương,nu
huonglt5,hương,nu
huongnnm,hương,nu
huongnt33,hương,nu
huongntt,hương,nu
huongntt12,hương,nu
huongntt13,hương,nu
huongptg,hương,nu
huongptg_4,hương,nu
huyendt20,yến,nu
huyendtt,yến,nu
huyenpt2,yến,nu
huyenpt2_3,yến,nu
huyentt,yến,nu
huyentt1,yến,nu
huylk,huy,nam
huylk1,huy,nam
huylt,huy,nam
huynlt,huy,nam
hv_lanhth_ccdng,ánh,nu
hv_thiennv_ccdng,hiền,nu
hv_trangntt_ccdng,trang,nu
hv_yenntn_ccdng,yến,nu
kcha9766_ccdng,hà,nu
kclan6082_cc2,lan,nu
kcle5892_cc2,unknown,unknown
kcminh8861_ccdng,minh,unknown
kcthanh7947,ánh,nu
kcthao9792_ccdng,hào,nam
kctram5637_cc2,unknown,unknown
kctuyen7101_ccdng,yến,nu
kcvan3119_ccdng,vân,unknown
kcxa4403_ccdng,unknown,unknown
khadv,hà,nu
khanhly7099,ly,nu
khanhntb1,ánh,nu
khanhpd,ánh,nu
khant,hân,nu
khoidt,khôi,nam
khuongtt,hương,nu
kiench,kiên,nam
kiendv2,kiên,nam
kiendv2_3,kiên,nam
kieuctd,unknown,unknown
kieuvtt1994,unknown,unknown
kimchi0110,kim,nu
kimhuong,hương,nu
kimlinh,linh,nu
kimsang,sang,unknown
laipt,unknown,unknown
laipt_4,unknown,unknown
lam1402,lâm,nam
lamlq,lâm,nam
lamlq_4,lâm,nam
lampb,lâm,nam
lampb1,lâm,nam
lanht1,ánh,nu
lanttn,lan,nu
le2539,unknown,unknown
leminhkhue,huệ,nu
lethanhnhan,hân,nu
lethanhnhan1910,hân,nu
lethanhnhan_4,hân,nu
lien,liên,nu
lien3058,liên,nu
lien3664_ccdng,liên,nu
liendd,liên,nu
liendtk7591,liên,nu
lienth,liên,nu
lienth_3,liên,nu
lientt,liên,nu
lieulth,unknown,unknown
linh2265_ccdng,linh,nu
linh4169_ccdng,linh,nu
linh8489,linh,nu
linhhd,linh,nu
linhltn,linh,nu
linhltn01,linh,nu
linhng,linh,nu
linhnt5,linh,nu
linhntm,linh,nu
linhntt8,linh,nu
linhptt4,linh,nu
linhptt4_4,linh,nu
linhttm,linh,nu
loannak,loan,nu
loanntb,loan,nu
longdt4,long,nam
longph4,long,nam
luongnt11,unknown,unknown
lypt89,ly,nu
maiktt,mai,nu
mailtt1,mai,nu
mailtx,mai,nu
mailtx_4,mai,nu
maintn,mai,nu
maintp,mai,nu
maintq,mai,nu
maintt,mai,nu
maitram,mai,nu
maivt,mai,nu
manhvh4652,ánh,nu
minhcuong,cường,nam
minhht7,minh,unknown
minhnhn,minh,unknown
minhntp,minh,unknown
minhntp_3,minh,unknown
minhntp_4,minh,unknown
minhpc1995,minh,unknown
minhtd2,minh,unknown
minhtd2_4,minh,unknown
mphanh5676_cc2,ánh,nu
mpphuong631_cc2,hương,nu
mpthanh3695_cc2,ánh,nu
mptrang3331,trang,nu
mptrang3331_cc2,trang,nu
mpvan4541,vân,unknown
my9806_ccdng,my,nu
namlt,nam,nam
namnh26,nam,nam
namtd,nam,nam
ngadth1,nga,nu
ngan1912,ngân,nu
ngankim,kim,nu
ngankim_4,kim,nu
nganmk,ngân,nu
nganntd,ngân,nu
nganntk1992,ngân,nu
nganptt,ngân,nu
ngant20,ngân,nu
ngant20_3,ngân,nu
nganttt2,ngân,nu
ngapt5,nga,nu
ngatt_ccdng,nga,nu
ngattt,nga,nu
ngattt4,nga,nu
nghiavt,nghĩa,nam
ngoannt1,unknown,unknown
ngocnq,ngọc,nu
ngocnt,ngọc,nu
ngocnt5,ngọc,nu
ngocnta,ngọc,nu
ngocnth,ngọc,nu
ngocntk3,ngọc,nu
ngoctdm,ngọc,nu
ngocttb3584,ngọc,nu
nguyenhanh,ánh,nu
nguyennd,yến,nu
nguyenpq,yến,nu
nguyetda,unknown,unknown
nguyetminhcn,minh,unknown
nhan3469,hân,nu
nhanbtt,hân,nu
nhanlv,hân,nu
nhanntn,hân,nu
nhanntt,hân,nu
nhantl,hân,nu
nhatq,hà,nu
nhatq_3,hà,nu
nhatt3,hà,nu
nhidt,nhi,nu
nhivta,nhi,nu
nhu,nhu,nu
nhult,nhu,nu
nhunghtc,hùng,nam
nhunghtp,hùng,nam
nhunghtp_3,hùng,nam
nhungnt1,hùng,nam
nhungpth1,hùng,nam
nhungpth4,hùng,nam
nhungvt,hùng,nam
nhutlt,nhựt,nam
nhuttq,nhựt,nam
nuongltk,unknown,unknown
nuptm,unknown,unknown
oahq5091_cc2,unknown,unknown
oahqhanh5066_cc2,ánh,nu
oahqlien5080_cc2,liên,nu
oahqloan5092_cc2,loan,nu
oahqnhan5088_cc2,hân,nu
oahqnu5079_cc2,unknown,unknown
oahqquy5076_cc2,quý,nam
oahqtan5084_cc2,tân,nam
oahqtrang5099_cc2,trang,nu
oahqtuyet5062_cc2,tuyết,nu
oanh366,ánh,nu
oanh4996,ánh,nu
oanh8754,ánh,nu
oanhdtt1,ánh,nu
oanhdtt1_4,ánh,nu
oanhdtv,ánh,nu
oanhhn,ánh,nu
oanhhtk_ccdng,ánh,nu
ohsai8395_ccdng,unknown,unknown
ohsan6223_ccdng,unknown,unknown
ohsanh260,ánh,nu
ohsbinh8577_ccdng,bình,unknown
ohscong403_ccdng,công,nam
ohsdat5002_ccdng,đạt,nam
ohsdinh6265,định,nam
ohsduc2407_ccdng,unknown,unknown
ohsdung2224,dung,unknown
ohsduy4200_ccdng,duy,nam
ohsduyen6237,yến,nu
ohsgiang1678_ccdng,giang,nu
ohshanh608_ccdng,ánh,nu
ohshong3109_ccdng,hồng,nu
ohshuong1702,hương,nu
ohshuong6253,hương,nu
ohslam,lâm,nam
ohslam4801_ccdng,lâm,nam
ohslam6273,lâm,nam
ohslanh7849_ccdng,ánh,nu
ohsle1532,unknown,unknown
ohsle1532_4,unknown,unknown
ohslien1117_ccdng,liên,nu
ohslien3664,liên,nu
ohslien3664_ccdng,liên,nu
ohslinh2467_ccdng,linh,nu
ohslinh4030,linh,nu
ohsloan1013_ccdng,loan,nu
ohsloan1013_ccdng_4,loan,nu
ohsloan6247,loan,nu
ohsluyen6427,yến,nu
ohsly4162_ccdng,ly,nu
ohsly6251,ly,nu
ohsmai4185,mai,nu
ohsnguyen6412,yến,nu
ohsnhi3689_ccdng,nhi,nu
ohsninh6442,unknown,unknown
ohsninh6442_ccdng,unknown,unknown
ohsoanh6407,ánh,nu
ohsphong9725_ccdng,hồng,nu
ohsphuong6475,hương,nu
ohsphuong8644_ccdng,hương,nu
ohsquyen635_ccdng,yến,nu
ohssang3625_ccdng,sang,unknown
ohstham9637_ccdng,hà,nu
ohsthao5027_ccdng,hào,nam
ohsthao9934,hào,nam
ohsthao9934_ccdng,hào,nam
ohsthuy3128_ccdng,huy,nam
ohsthuy3576,huy,nam
ohsthuy8552_ccdng,huy,nam
ohsthuy9633_ccdng,huy,nam
ohstrang2032,trang,nu
ohstrang6440,trang,nu
ohstrinh2242_ccdng,trinh,nu
ohstuan2369_ccdng,tuấn,nam
ohsvan8389_ccdng,vân,unknown
ohsy7921_ccdng,unknown,unknown
ohsyen,yến,nu
ohsyen4808,yến,nu
okcanh7182,ánh,nu
okcanh7182_ccdng,ánh,nu
okcbinh4353_ccdng,bình,unknown
okcbong3004,unknown,unknown
okcchanh7064,ánh,nu
okcchau3366_cc2,hà,nu
okccuc5591_cc2,unknown,unknown
okccuong7094_ccdng,cường,nam
okcdo5116_cc2,unknown,unknown
okcduc2341,unknown,unknown
okcdung202_ccdng,dung,unknown
okcdung7304,dung,unknown
okcha9816,hà,nu
okchanh3663,ánh,nu
okchien7288,hiền,nu
okchien8581,hiền,nu
okchoa8733_ccdng,hoa,nu
okchoa8733_ccdng_4,hoa,nu
okchoa8863_ccdng,hoa,nu
okchuong1895,hương,nu
okchuy8770_ccdng,huy,nam
okckha5133_cc2,hà,nu
okckhanh5611_cc2,ánh,nu
okclam7478_ccdng,lâm,nam
okclan9689_ccdng,lan,nu
okcle1831_ccdng,unknown,unknown
okcle1831_ccdng_4,unknown,unknown
okclien4583_ccdng,liên,nu
okclinh8728_ccdng,linh,nu
okcmai9735_ccdng,mai,nu
okcminh5144_cc2,minh,unknown
okcmy4253_ccdng,my,nu
okcnghia5117_cc2,nghĩa,nam
okcnhi8654_ccdng,nhi,nu
okcnhi9858_ccdng,nhi,nu
okcnhung7150_ccdng,hùng,nam
okcphuoc3550,phước,nam
okcphuong3394_ccdng,hương,nu
okcphuong3833,hương,nu
okcphuong7782_ccdng,hương,nu
okcphuong7805_ccdng,hương,nu
okcphuong8685,hương,nu
okcphuong9811_ccdng,hương,nu
okcque4769,unknown,unknown
okcquynh7777_ccdng,quỳnh,nu
okcsa7046,unknown,unknown
okcsa9857_ccdng,unknown,unknown
okcsuong7097,sương,nu
okctam7003,tâm,unknown
okctam8752,tâm,unknown
okctam8752_ccdng,tâm,unknown
okctham1175,hà,nu
okcthanh8830_ccdng,ánh,nu
okcthao1269,hào,nam
okcthien8709_ccdng,hiền,nu
okcthien939_ccdng,hiền,nu
okcthinh2370_ccdng,thịnh,nam
okcthinh9834,thịnh,nam
okcthuan8732_ccdng,thuận,unknown
okcthuong3528_ccdng,hương,nu
okcthuong8657_ccdng,hương,nu
okcthuong8657_ccdng_4,hương,nu
okcthuy5617_cc2,huy,nam
okcthuy7008,huy,nam
okcthuy7178_ccdng,huy,nam
okcthy4053,thy,nu
okctin8655,tín,nam
okctran3552,unknown,unknown
okctran5585_cc2,unknown,unknown
okctrang2584_ccdng,trang,nu
okctrang3546,trang,nu
okctrang3844_ccdng,trang,nu
okctrang7780_ccdng,trang,nu
okctrinh4901,trinh,nu
okctrinh7320,trinh,nu
okctrinh7320_ccdng,trinh,nu
okctrinh7785_ccdng,trinh,nu
okctruyen5614_cc2,yến,nu
okctuan2538,tuấn,nam
okctung4250_ccdng,tùng,nam
okctuoi4727_ccdng,unknown,unknown
okcuyen5105_cc2,yến,nu
okcvan5108_cc2,vân,unknown
okcxuyen8839_ccdng,yến,nu
okcy1390,unknown,unknown
okcy7309_ccdng,unknown,unknown
okcyen1717_ccdng,yến,nu
ompbao,bảo,nam
ompduan5135_cc2,unknown,unknown
ompduan_cc2,unknown,unknown
omphieu5669_cc2,hiếu,unknown
omploi5644_cc2,unknown,unknown
ompthanh3695_cc2,ánh,nu
ompthu5651_cc2,thu,nu
ontvdiem5556_cc2,unknown,unknown
ontvgiang3322_cc2,giang,nu
ontvhoa5564_cc2,hoa,nu
ontvphuong4723_cc2,hương,nu
ontvquoc6456_cc2,quốc,nam
ontvtruong5581_cc2,trường,nam
ontvvi4969_cc2,unknown,unknown
phandh,hân,nu
phannv,hân,nu
phanph,hân,nu
phanph_3,hân,nu
phantt,hân,nu
phonglh3,hồng,nu
phongnv7,hồng,nu
phuc1332_ccdng,phúc,nam
phucdt,phúc,nam
phucdth,phúc,nam
phucdth_4,phúc,nam
phunt,phú,nam
phuocdh,phước,nam
phuocdh2,phước,nam
phuocdh2_4,phước,nam
phuong6746,hương,nu
phuongbt,hương,nu
phuongdk,hương,nu
phuongnt27,hương,nu
phuongntb,hương,nu
phuongntb93,hương,nu
phuongntt17,hương,nu
phuongntt7,hương,nu
phuongtnn,hương,nu
phuongtth1,hương,nu
phupt,phú,nam
phuttt,phú,nam
quanhht,ánh,nu
quannv18,quân,nam
que4769,unknown,unknown
quocnm,quốc,nam
quoctb,quốc,nam
quoctb2_ccdng,quốc,nam
quonpt,unknown,unknown
quyenhth,yến,nu
quyenntb,yến,nu
quyenvtl,yến,nu
quyhg,quý,nam
quynhdtn4,quỳnh,nu
quynhkh,quỳnh,nu
quynhpt,quỳnh,nu
quynhvt1,quỳnh,nu
samnt,unknown,unknown
sangnd,sang,unknown
sao198,unknown,unknown
sao4999,unknown,unknown
sennth,unknown,unknown
sonnc4,sơn,nam
sonts2,sơn,nam
sonts2_3,sơn,nam
suongmt,sương,nu
tamht9,tâm,unknown
tamhv,tâm,unknown
tamnt9,tâm,unknown
tamntt,tâm,unknown
tampm,tâm,unknown
tampt3,tâm,unknown
tamtth,tâm,unknown
tan4058,tân,nam
tcct___huentb,huệ,nu
tcct_suongntt,sương,nu
tcct_suongntt1,sương,nu
tcct_vandt,vân,unknown
thachht,hà,nu
thachph,hà,nu
thachph_3,hà,nu
thaind4,hải,unknown
thamnt2,hà,nu
thamtth4,hà,nu
thangdv8,hằng,nu
thangld,hằng,nu
thangnq20,hằng,nu
thangpq4,hằng,nu
thanh1429,ánh,nu
thanhltm,ánh,nu
thanhnd,ánh,nu
thanhnd3,ánh,nu
thanhnd3_3,ánh,nu
thanhpt,ánh,nu
thanhttt1,ánh,nu
thanhvv7,ánh,nu
thao6024,hào,nam
thaodtp,hào,nam
thaodtp_4,hào,nam
thaohtt2,hào,nam
thaolt,hào,nam
thaolt8855,hào,nam
thaoltt,hào,nam
thaolty,hào,nam
thaonhp1,hào,nam
thaontt,hào,nam
thaoptp,hào,nam
thaott,hào,nam
thaottm,hào,nam
thatnt,hà,nu
thinhnt,thịnh,nam
thoa7987,hoa,nu
thoihh,thời,nam
thomnt,thơm,nu
thonh,unknown,unknown
thquang,quang,nam
thu6026,thu,nu
thudth1,thu,nu
thuhc,thu,nu
thuminhht87,minh,unknown
thunht,thu,nu
thunta3,thu,nu
thuntm,thu,nu
thuong4908,hương,nu
thuongth,hương,nu
thutt,thu,nu
thuvnm,thu,nu
thuvtm,thu,nu
thuy198,huy,nam
thuy3195,huy,nam
thuy3350,huy,nam
thuy9633,huy,nam
thuydt,huy,nam
thuydt3,huy,nam
thuydt3_3,huy,nam
thuydt3_4,huy,nam
thuydtd,huy,nam
thuydtn,huy,nam
thuydtt,huy,nam
thuylh2,huy,nam
thuymt1,huy,nam
thuynhi,nhi,nu
thuynm1,huy,nam
thuynm1_3,huy,nam
thuynt64,huy,nam
thuyntg,huy,nam
thuyntg_3,huy,nam
thuyntk3,huy,nam
thuyntp_ccdng,huy,nam
thuyntt,huy,nam
thuynv8,huy,nam
thuypt,huy,nam
thuyptm,huy,nam
thuyptm1,huy,nam
thuyptt1,huy,nam
thuyptt1_3,huy,nam
thuyptt1_4,huy,nam
thuytrang,trang,nu
thuytt,huy,nam
thycht,thy,nu
tien_ccdng,tiến,nam
tiennnt30,tiến,nam
tienthanh,ánh,nu
timht,unknown,unknown
tinhdm,tĩnh,nam
tinlt,tín,nam
toanlt,toàn,nam
tram,unknown,unknown
tram3770,unknown,unknown
tram4500,unknown,unknown
tramhht_ccdng,unknown,unknown
tramhtm,unknown,unknown
tramltn,unknown,unknown
trang5009,trang,nu
trang611,trang,nu
trang6288,trang,nu
trang8337,trang,nu
trangctt,trang,nu
trangdt,trang,nu
trangdth9,trang,nu
trangktt,trang,nu
tranglh,trang,nu
trangnnt,trang,nu
trangnnt611,trang,nu
trangntt1996,trang,nu
trangpt7,trang,nu
trangptt,trang,nu
trangtt10,trang,nu
trangttt7,trang,nu
trangvt,trang,nu
tranlh,unknown,unknown
tranlth,unknown,unknown
trantai,unknown,unknown
trantai_4,unknown,unknown
tranthithuylinh,linh,nu
tranttt,unknown,unknown
tranttt_3,unknown,unknown
tranttt_4,unknown,unknown
trapth,unknown,unknown
trieugiau,trí,nam
trieunt,trí,nam
trinhdtm,trinh,nu
trinhdtm_ccdng,trinh,nu
trinhnlh,trinh,nu
trinhntm,trinh,nu
trinhntm3,trinh,nu
trinhvtt,trinh,nu
tructt,unknown,unknown
tructt_ccdng,unknown,unknown
trunght6,trung,nam
trunght6_3,trung,nam
trungnb1,trung,nam
trungnb1_4,trung,nam
trungnn12,trung,nam
trungnt6,trung,nam
trungqt,trung,nam
trungqt_3,trung,nam
truongcv,trường,nam
truongdq,trường,nam
truongvx,trường,nam
tuanbm,tuấn,nam
tuanhth,ánh,nu
tuantd,tuấn,nam
tuhtt,unknown,unknown
tung339,tùng,nam
tungdhd,tùng,nam
tungvn,tùng,nam
tuoidth,unknown,unknown
tuta4,unknown,unknown
tuyennt,yến,nu
tuyennt1995,yến,nu
tuyenptk1,yến,nu
tuyentnt,yến,nu
tuyetkt,tuyết,nu
tuyetlta_ccdng,tuyết,nu
tuyetltb1,tuyết,nu
tuyetnta6,tuyết,nu
tuyetptm,tuyết,nu
uyenct,yến,nu
uyendk,yến,nu
uyenntp,yến,nu
uyenthu4809,thu,nu
uyentt1,yến,nu
van4544,vân,unknown
vandt,vân,unknown
vandt2,vân,unknown
vanptq,vân,unknown
vennt,unknown,unknown
viettelabc,unknown,unknown
viht,unknown,unknown
vinhnv,vinh,nam
vinta,unknown,unknown
vintt,unknown,unknown
vintt_4,unknown,unknown
vitg,unknown,unknown
vt_ckh_kcduy9702_ccdng,duy,nam
vt_cskh_ctv_duy2782_ccdng,duy,nam
vt_cskh_ctv_phong233_cc2,hồng,nu
vt_cskh_ctv_phuong108_cc2,hương,nu
vt_cskh_ctv_phuong108_cc2_3,hương,nu
vt_cskh_gdtt_hsnga6921_cc1,nga,nu
vt_cskh_gs_lienptb_cc1,liên,nu
vt_cskh_hsanh7885_cc2,ánh,nu
vt_cskh_hsanh7958_cc2,ánh,nu
vt_cskh_hshien7937_cc2,hiền,nu
vt_cskh_hshien7956_cc2,hiền,nu
vt_cskh_hslanh7849_ccdng,ánh,nu
vt_cskh_hslinh7889_cc2,linh,nu
vt_cskh_hslinh7955_cc2,linh,nu
vt_cskh_hslinh8779_cc2,linh,nu
vt_cskh_hsluc9800_ccdng,unknown,unknown
vt_cskh_hstho8600_cc2,unknown,unknown
vt_cskh_hsthoa8449_ccdng,hoa,nu
vt_cskh_hsthuy7954_cc2,huy,nam
vt_cskh_hstuoi6151_cc2,unknown,unknown
vt_cskh_hstuyen7953_cc2,yến,nu
vt_cskh_hsyen7895_cc2,yến,nu
vt_cskh_htk_hsduong8587_ccdng,dương,unknown
vt_cskh_htk_hsoanh1696_ccdng,ánh,nu
vt_cskh_htk_hsoanh1696_ccdng_3,ánh,nu
vt_cskh_kcanh1576_cc2,ánh,nu
vt_cskh_kcduy7873_cc2,duy,nam
vt_cskh_kcduy7982_cc2,duy,nam
vt_cskh_kcha7886_cc2,hà,nu
vt_cskh_kchoang9943_ccdng,hoàng,nam
vt_cskh_kchong7206_cc2,hồng,nu
vt_cskh_kchue7877_cc2,huệ,nu
vt_cskh_kcmi9882_ccdng,unknown,unknown
vt_cskh_kcnhung7878_cc2,hùng,nam
vt_cskh_kcsang7875_ccdng,sang,unknown
vt_cskh_kctam600_ccdng,tâm,unknown
vt_cskh_kcthien3471_ccdng,hiền,nu
vt_cskh_kcthuan7948_cc2,thuận,unknown
vt_cskh_kcthuy9649_ccdng,huy,nam
vt_cskh_kctinh9974_ccdng,tĩnh,nam
vt_cskh_kctrang4798_cc2,trang,nu
vt_cskh_kcvinh8669_ccdng,vinh,nam
vt_cskh_ktbh_hantt_ccdng,hân,nu
vt_cskh_ktbh_kieunt_cc2,unknown,unknown
vt_cskh_mpan3615_cc2,unknown,unknown
vt_cskh_mpanh7592_cc2,ánh,nu
vt_cskh_mpanh7705_cc2,ánh,nu
vt_cskh_mpanh7974_cc2,ánh,nu
vt_cskh_mpchau3841_cc2,hà,nu
vt_cskh_mpchinh7512_cc2,chính,nam
vt_cskh_mpcong1998_cc2,công,nam
vt_cskh_mpdan1210_cc2,unknown,unknown
vt_cskh_mpdiep2353_cc2,diệp,nu
vt_cskh_mpduc8344_cc2,unknown,unknown
vt_cskh_mphao8347_cc2,hào,nam
vt_cskh_mphien7706_cc2,hiền,nu
vt_cskh_mphong7686_cc2,hồng,nu
vt_cskh_mphong8110_cc2,hồng,nu
vt_cskh_mphue7700,huệ,nu
vt_cskh_mphue7700_cc2,huệ,nu
vt_cskh_mphuyen1580_cc2,yến,nu
vt_cskh_mphuyen7574_cc2,yến,nu
vt_cskh_mpkhoa7687_cc2,hoa,nu
vt_cskh_mplan7513_cc2,lan,nu
vt_cskh_mpmai7703_cc2,mai,nu
vt_cskh_mpmai8114_cc2,mai,nu
vt_cskh_mpngan6799_cc2,ngân,nu
vt_cskh_mpngan912_cc2,ngân,nu
vt_cskh_mpnghia7690_cc2,nghĩa,nam
vt_cskh_mpngoa7975_cc2,unknown,unknown
vt_cskh_mpngoan7699_cc2,unknown,unknown
vt_cskh_mpnhung7963_cc2,hùng,nam
vt_cskh_mpnhut7976_cc2,nhựt,nam
vt_cskh_mpphuoc2384_cc2,phước,nam
vt_cskh_mpphuong8351_cc2,hương,nu
vt_cskh_mpquynh4546_cc2,quỳnh,nu
vt_cskh_mpquynh7965_cc2,quỳnh,nu
vt_cskh_mpsang8349_cc2,sang,unknown
vt_cskh_mptham7516_cc2,hà,nu
vt_cskh_mpthao7590_cc2,hào,nam
vt_cskh_mpthu1036_cc2,thu,nu
vt_cskh_mpthu4438_cc2,thu,nu
vt_cskh_mpthuan7970_cc2,thuận,unknown
vt_cskh_mpthuong8353_cc2,hương,nu
vt_cskh_mpthuy8087_cc2,huy,nam
vt_cskh_mptien5638_cc2,tiến,nam
vt_cskh_mptuc8350_cc2,unknown,unknown
vt_cskh_mptuyen7515_cc2,yến,nu
vt_cskh_mptuyen7689_cc2,yến,nu
vt_cskh_mpuyen7575_cc2,yến,nu
vt_cskh_mpyen7981_cc2,yến,nu
vt_cskh_oahqduy7802_cc2,duy,nam
vt_cskh_oahqhien1176_cc2,hiền,nu
vt_cskh_oahqhoa8473_cc2,hoa,nu
vt_cskh_oahqhuong7922_cc2,hương,nu
vt_cskh_oahqkhoi7924_cc2,khôi,nam
vt_cskh_oahqlai8319_cc2,unknown,unknown
vt_cskh_oahqlinh8594_cc2,linh,nu
vt_cskh_oahqminh4934_cc2,minh,unknown
vt_cskh_oahqnguyet3808_cc2,unknown,unknown
vt_cskh_oahqquyen8315_cc2,yến,nu
vt_cskh_oahqquyen8596_cc2,yến,nu
vt_cskh_oahqthai7920_cc2,hải,unknown
vt_cskh_oahqtram8317_cc2,unknown,unknown
vt_cskh_oahqtrang2075_cc2,trang,nu
vt_cskh_oahqtu8475_cc2,unknown,unknown
vt_cskh_oahqtuan8232_cc2,tuấn,nam
vt_cskh_oahqyen8583_cc2,yến,nu
vt_cskh_ockhau1930_ccdng,hà,nu
vt_cskh_ockthu3843_ccdng,thu,nu
vt_cskh_ohsan6223_ccdng,unknown,unknown
vt_cskh_ohsanh4204_ccdng,ánh,nu
vt_cskh_ohsanh6497_ccdng,ánh,nu
vt_cskh_ohsanh779_ccdng,ánh,nu
vt_cskh_ohsbang5435_ccdng,bằng,nam
vt_cskh_ohsbao5023_ccdng,bảo,nam
vt_cskh_ohsbao5032_ccdng,bảo,nam
vt_cskh_ohsbe4029_ccdng,unknown,unknown
vt_cskh_ohsbinh8577_ccdng,bình,unknown
vt_cskh_ohschi3240_ccdng,unknown,unknown
vt_cskh_ohschi3240_ccdng_4,unknown,unknown
vt_cskh_ohschi3421_ccdng,unknown,unknown
vt_cskh_ohscong403_ccdng,công,nam
vt_cskh_ohscong403_ccdng_4,công,nam
vt_cskh_ohscuong6494_ccdng,cường,nam
vt_cskh_ohsdat5002_ccdng,đạt,nam
vt_cskh_ohsdinh6265_ccdng,định,nam
vt_cskh_ohsduc2156_ccdng,unknown,unknown
vt_cskh_ohsduc2407_ccdng,unknown,unknown
vt_cskh_ohsdung4997_ccdng,dung,unknown
vt_cskh_ohsdung4997_ccdng_4,dung,unknown
vt_cskh_ohsdung6483_ccdng,dung,unknown
vt_cskh_ohsduy4200_ccdng,duy,nam
vt_cskh_ohsduy4200_ccdng_4,duy,nam
vt_cskh_ohsduy6491_ccdng,duy,nam
vt_cskh_ohsduy6491_ccdng_4,duy,nam
vt_cskh_ohsduyen6468_ccdng,yến,nu
vt_cskh_ohsgiang1567_ccdng,giang,nu
vt_cskh_ohsgiang1678_ccdng,giang,nu
vt_cskh_ohshai1668_ccdng,hải,unknown
vt_cskh_ohshai2380_ccdng,hải,unknown
vt_cskh_ohshang6438_ccdng,hằng,nu
vt_cskh_ohshang9893_ccdng,hằng,nu
vt_cskh_ohshang9893_ccdng_3,hằng,nu
vt_cskh_ohshang9893_ccdng_4,hằng,nu
vt_cskh_ohshanh1203_ccdng,ánh,nu
vt_cskh_ohshanh3005_ccdng,ánh,nu
vt_cskh_ohshanh608_ccdng,ánh,nu
vt_cskh_ohshau6257_ccdng,hà,nu
vt_cskh_ohshien2133_ccdng,hiền,nu
vt_cskh_ohshien3378_ccdng,hiền,nu
vt_cskh_ohshien6236_ccdng,hiền,nu
vt_cskh_ohshien6274_ccdng,hiền,nu
vt_cskh_ohshien8506_ccdng,hiền,nu
vt_cskh_ohshien8506_ccdng_4,hiền,nu
vt_cskh_ohshieu6451_ccdng,hiếu,unknown
vt_cskh_ohshieu6451_ccdng_4,hiếu,unknown
vt_cskh_ohshieu6472_ccdng,hiếu,unknown
vt_cskh_ohshue4732_ccdng,huệ,nu
vt_cskh_ohshue8524_ccdng,huệ,nu
vt_cskh_ohshuong1702_ccdng,hương,nu
vt_cskh_ohshuyen6422_ccdng,yến,nu
vt_cskh_ohskhuyen6490_ccdng,yến,nu
vt_cskh_ohslai3452_ccdng,unknown,unknown
vt_cskh_ohslai3452_ccdng_4,unknown,unknown
vt_cskh_ohslam1402_ccdng,lâm,nam
vt_cskh_ohsle2539_ccdng,unknown,unknown
vt_cskh_ohslen4158_ccdng,unknown,unknown
vt_cskh_ohslien1220_ccdng,liên,nu
vt_cskh_ohslien1220_ccdng_4,liên,nu
vt_cskh_ohslien5061_ccdng,liên,nu
vt_cskh_ohslien6222_ccdng,liên,nu
vt_cskh_ohslinh2467_ccdng,linh,nu
vt_cskh_ohslinh4169_ccdng,linh,nu
vt_cskh_ohsloan9909_ccdng,loan,nu
vt_cskh_ohsloc6415_ccdng,lộc,nam
vt_cskh_ohsluyen6427_ccdng,yến,nu
vt_cskh_ohsly5039_ccdng,ly,nu
vt_cskh_ohsly5039_ccdng_4,ly,nu
vt_cskh_ohsly6480_ccdng,ly,nu
vt_cskh_ohsmai4460_ccdng,mai,nu
vt_cskh_ohsmai4460_ccdng_4,mai,nu
vt_cskh_ohsmai6748_ccdng,mai,nu
vt_cskh_ohsminh4810_ccdng,minh,unknown
vt_cskh_ohsna6467_ccdng,unknown,unknown
vt_cskh_ohsna6857_ccdng,unknown,unknown
vt_cskh_ohsnga1705_ccdng,nga,nu
vt_cskh_ohsngan3649_ccdng,ngân,nu
vt_cskh_ohsngoc6410_ccdng,ngọc,nu
vt_cskh_ohsngoc6410_ccdng_4,ngọc,nu
vt_cskh_ohsnguyen5779_ccdng,yến,nu
vt_cskh_ohsnguyet2128_ccdng,unknown,unknown
vt_cskh_ohsnguyet2128_ccdng_4,unknown,unknown
vt_cskh_ohsnguyet2351_ccdng,unknown,unknown
vt_cskh_ohsnhan9688_ccdng,hân,nu
vt_cskh_ohsnhi1720_ccdng,nhi,nu
vt_cskh_ohsnhi3288_ccdng,nhi,nu
vt_cskh_ohsnhi3288_ccdng_4,nhi,nu
vt_cskh_ohsnhung2452_ccdng,hùng,nam
vt_cskh_ohsni3161_ccdng,unknown,unknown
vt_cskh_ohsoanh366_ccdng,ánh,nu
vt_cskh_ohsoanh4996_ccdng,ánh,nu
vt_cskh_ohsphuc1527_ccdng,phúc,nam
vt_cskh_ohsphuong3850_ccdng,hương,nu
vt_cskh_ohsphuong4159_ccdng,hương,nu
vt_cskh_ohsphuong6228_ccdng,hương,nu
vt_cskh_ohsphuong9772_ccdng,hương,nu
vt_cskh_ohsquan3029_ccdng,quân,nam
vt_cskh_ohsquynh9878_ccdng,quỳnh,nu
vt_cskh_ohssang3625_ccdng,sang,unknown
vt_cskh_ohssang3625_ccdng_4,sang,unknown
vt_cskh_ohsta1745_ccdng,unknown,unknown
vt_cskh_ohstam3129_ccdng,tâm,unknown
vt_cskh_ohstham9637_ccdng,hà,nu
vt_cskh_ohsthan3292_ccdng,hân,nu
vt_cskh_ohsthan3292_ccdng_4,hân,nu
vt_cskh_ohsthanh3855_ccdng,ánh,nu
vt_cskh_ohsthanh6465_ccdng,ánh,nu
vt_cskh_ohsthanh6482_ccdng,ánh,nu
vt_cskh_ohsthao1760_ccdng,hào,nam
vt_cskh_ohsthao6245_ccdng,hào,nam
vt_cskh_ohsthao9675_ccdng,hào,nam
vt_cskh_ohsthao9890_ccdng,hào,nam
vt_cskh_ohsthao9890_ccdng_4,hào,nam
vt_cskh_ohsthi3857_ccdng,unknown,unknown
vt_cskh_ohsthi3857_ccdng_3,unknown,unknown
vt_cskh_ohsthinh3860_ccdng,thịnh,nam
vt_cskh_ohsthoa4490_ccdng,hoa,nu
vt_cskh_ohsthoa6995_ccdng,hoa,nu
vt_cskh_ohsthuy3141_ccdng,huy,nam
vt_cskh_ohsthuy3195_ccdng,huy,nam
vt_cskh_ohsthuy3366_ccdng,huy,nam
vt_cskh_ohsthuy3502_ccdng,huy,nam
vt_cskh_ohsthuy3502_ccdng_4,huy,nam
vt_cskh_ohsthuy3520_ccdng,huy,nam
vt_cskh_ohsthuy3520_ccdng_4,huy,nam
vt_cskh_ohsthuy3576_ccdng,huy,nam
vt_cskh_ohsthuy7880_ccdng,huy,nam
vt_cskh_ohsthuy8552_ccdng,huy,nam
vt_cskh_ohstien2047_ccdng,tiến,nam
vt_cskh_ohstien2047_ccdng_4,tiến,nam
vt_cskh_ohstien2583_ccdng,tiến,nam
vt_cskh_ohstin6404_ccdng,tín,nam
vt_cskh_ohstin6404_ccdng_4,tín,nam
vt_cskh_ohstram5013_ccdng,unknown,unknown
vt_cskh_ohstram5013_ccdng_4,unknown,unknown
vt_cskh_ohstram9706_ccdng,unknown,unknown
vt_cskh_ohstrang4623_ccdng,trang,nu
vt_cskh_ohstrang5009_ccdng,trang,nu
vt_cskh_ohstrang6492_ccdng,trang,nu
vt_cskh_ohstri6430_ccdng,trí,nam
vt_cskh_ohstri6430_ccdng_4,trí,nam
vt_cskh_ohstrinh2242_ccdng,trinh,nu
vt_cskh_ohstrung6434_ccdng,trung,nam
vt_cskh_ohstruong5177_ccdng,trường,nam
vt_cskh_ohstuan2369_ccdng,tuấn,nam
vt_cskh_ohstuan2369_ccdng_4,tuấn,nam
vt_cskh_ohstuoi3048_ccdng,unknown,unknown
vt_cskh_ohstuyen6441_ccdng,yến,nu
vt_cskh_ohsvan4544_ccdng,vân,unknown
vt_cskh_ohsvan6233_ccdng,vân,unknown
vt_cskh_ohsvan6238_ccdng,vân,unknown
vt_cskh_ohsvan8645_ccdng,vân,unknown
vt_cskh_ohsvi3932_ccdng,unknown,unknown
vt_cskh_ohsvu6461_ccdng,unknown,unknown
vt_cskh_ohsvu9900_ccdng,unknown,unknown
vt_cskh_ohsvui3244_ccdng,unknown,unknown
vt_cskh_ohsxuan5046_ccdng,xuân,nam
vt_cskh_ohsxuan5210_ccdng,xuân,nam
vt_cskh_ohsxuan5210_ccdng_4,xuân,nam
vt_cskh_ohsy7921_ccdng,unknown,unknown
vt_cskh_ohsy7921_ccdng_3,unknown,unknown
vt_cskh_ohsyen3866_ccdng,yến,nu
vt_cskh_ohsyen4808_ccdng,yến,nu
vt_cskh_ohsyen6405_ccdng,yến,nu
vt_cskh_okcan1161_ccdng,unknown,unknown
vt_cskh_okcanh1574_ccdng,ánh,nu
vt_cskh_okcanh1574_ccdng_4,ánh,nu
vt_cskh_okcanh1749_ccdng,ánh,nu
vt_cskh_okcanh7397_ccdng,ánh,nu
vt_cskh_okcanh7397_ccdng_3,ánh,nu
vt_cskh_okcanh7397_ccdng_4,ánh,nu
vt_cskh_okcanh8245_cc2,ánh,nu
vt_cskh_okcanh8332_cc2,ánh,nu
vt_cskh_okcbac9802_ccdng,bắc,nam
vt_cskh_okcbac9802_ccdng_4,bắc,nam
vt_cskh_okcbich8847_ccdng,bích,nu
vt_cskh_okcbinh1189_ccdng,bình,unknown
vt_cskh_okcbinh4353_ccdng,bình,unknown
vt_cskh_okcchau8753_ccdng,hà,nu
vt_cskh_okcchau8753_ccdng_4,hà,nu
vt_cskh_okcchung7803_ccdng,hùng,nam
vt_cskh_okcchung9720_ccdng,hùng,nam
vt_cskh_okcco8817_ccdng,unknown,unknown
vt_cskh_okccuong7094_ccdng,cường,nam
vt_cskh_okccuong7094_ccdng_3,cường,nam
vt_cskh_okcdiem_4132_ccdng,unknown,unknown
vt_cskh_okcdieu6199_ccdng,diệu,nu
vt_cskh_okcdong7794_ccdng,unknown,unknown
vt_cskh_okcdung1304_ccdng,dung,unknown
vt_cskh_okcdung3037_ccdng,dung,unknown
vt_cskh_okcdung3411_ccdng,dung,unknown
vt_cskh_okcdung6031_cc2,dung,unknown
vt_cskh_okcdung6031_cc2_3,dung,unknown
vt_cskh_okcdung8664_ccdng,dung,unknown
vt_cskh_okcduong796_ccdng,dương,unknown
vt_cskh_okcduyen3284_ccdng,yến,nu
vt_cskh_okcduyen7169_ccdng,yến,nu
vt_cskh_okcgam8299_ccdng,unknown,unknown
vt_cskh_okcgiang3455_ccdng,giang,nu
vt_cskh_okcgiang4756_ccdng,giang,nu
vt_cskh_okcha3978_ccdng,hà,nu
vt_cskh_okcha8756_ccdng,hà,nu
vt_cskh_okchai8695_ccdng,hải,unknown
vt_cskh_okchai8811_ccdng,hải,unknown
vt_cskh_okchai8811_ccdng_4,hải,unknown
vt_cskh_okchan6193_ccdng,hân,nu
vt_cskh_okchang7291_ccdng,hằng,nu
vt_cskh_okchang8762_ccdng,hằng,nu
vt_cskh_okchang8762_ccdng_4,hằng,nu
vt_cskh_okchanh4190_ccdng,ánh,nu
vt_cskh_okchanh7461_ccdng,ánh,nu
vt_cskh_okchanh8730_ccdng,ánh,nu
vt_cskh_okchanh8769_ccdng,ánh,nu
vt_cskh_okchau1930_cccdng,hà,nu
vt_cskh_okchau1930_ccdng,hà,nu
vt_cskh_okchau7463_ccdng,hà,nu
vt_cskh_okchien3056_ccdng,hiền,nu
vt_cskh_okchien3463_ccdng,hiền,nu
vt_cskh_okchien3463_ccdng_4,hiền,nu
vt_cskh_okchien9690_ccdng,hiền,nu
vt_cskh_okchien9775_ccdng,hiền,nu
vt_cskh_okchien_ccdng,hiền,nu
vt_cskh_okchiep3549_ccdng,hiệp,nam
vt_cskh_okchoa1572_ccdng,hoa,nu
vt_cskh_okchoa8448_cc2,hoa,nu
vt_cskh_okchoa8772_ccdng,hoa,nu
vt_cskh_okchoa8863_ccdng,hoa,nu
vt_cskh_okchong4760_ccdng,hồng,nu
vt_cskh_okchong7118_ccdng,hồng,nu
vt_cskh_okchop3537_ccdng,unknown,unknown
vt_cskh_okchung7296_ccdng,hùng,nam
vt_cskh_okchung7786_ccdng,hùng,nam
vt_cskh_okchuong8696_ccdng,hương,nu
vt_cskh_okchuyen7798_ccdng,yến,nu
vt_cskh_okckhoi8240_cc2,khôi,nam
vt_cskh_okclien7486_ccdng,liên,nu
vt_cskh_okclien7591_ccdng,liên,nu
vt_cskh_okclien89_ccdng,liên,nu
vt_cskh_okclieu2450_ccdng,unknown,unknown
vt_cskh_okclieu7151_ccdng,unknown,unknown
vt_cskh_okclieu8342_cc2,unknown,unknown
vt_cskh_okclinh1459_ccdng,linh,nu
vt_cskh_okclinh1459_ccdng_4,linh,nu
vt_cskh_okclinh7313_ccdng,linh,nu
vt_cskh_okclinh7788_ccdng,linh,nu
vt_cskh_okclinh8330_cc2,linh,nu
vt_cskh_okcloan1139_ccdng,loan,nu
vt_cskh_okcloan1139_ccdng_4,loan,nu
vt_cskh_okcloan973_ccdng,loan,nu
vt_cskh_okcloi9742_ccdng,unknown,unknown
vt_cskh_okcly1691_ccdng,ly,nu
vt_cskh_okcly3063_ccdng,ly,nu
vt_cskh_okcly7170_ccdng,ly,nu
vt_cskh_okcly7779_ccdng,ly,nu
vt_cskh_okcmai1859_ccdng,mai,nu
vt_cskh_okcmai4142_ccdng,mai,nu
vt_cskh_okcmi672_ccdng,unknown,unknown
vt_cskh_okcmi8672_ccdng,unknown,unknown
vt_cskh_okcminh6198_ccdmg,minh,unknown
vt_cskh_okcminh8222_cc2,minh,unknown
vt_cskh_okcmy6825_ccdng,my,nu
vt_cskh_okcmy8765_cc2,my,nu
vt_cskh_okcnam8521_ccdng,nam,nam
vt_cskh_okcnam8521_ccdng_4,nam,nam
vt_cskh_okcnga4144_ccdng,nga,nu
vt_cskh_okcnga7776_ccdng,nga,nu
vt_cskh_okcngan8239_cc2,ngân,nu
vt_cskh_okcngan8329_cc2,ngân,nu
vt_cskh_okcngan8751_cc2,ngân,nu
vt_cskh_okcngoc3584_ccdng,ngọc,nu
vt_cskh_okcnguyen8702_ccdng,yến,nu
vt_cskh_okcnguyen8870_ccdng,yến,nu
vt_cskh_okcnguyen8870_ccdng_4,yến,nu
vt_cskh_okcnhan8689_ccdng,hân,nu
vt_cskh_okcnhi7476_ccdng,nhi,nu
vt_cskh_okcnhi7476_ccdng_4,nhi,nu
vt_cskh_okcnhi8654_ccdng,nhi,nu
vt_cskh_okcnhi8872_ccdng,nhi,nu
vt_cskh_okcnhi8872_ccdng_4,nhi,nu
vt_cskh_okcnhi8893_ccdng,nhi,nu
vt_cskh_okcnhi927_ccdng,nhi,nu
vt_cskh_okcnhung4020_ccdng,hùng,nam
vt_cskh_okcnhung4020_ccdng_4,hùng,nam
vt_cskh_okcnhung7150_ccdng,hùng,nam
vt_cskh_okcnhung7366_ccdng,hùng,nam
vt_cskh_okcnhung7366_ccdng_4,hùng,nam
vt_cskh_okcoanh8761_cc2,ánh,nu
vt_cskh_okcphan8515_ccdng,hân,nu
vt_cskh_okcphuong2015_ccdng,hương,nu
vt_cskh_okcphuong3394_ccdng,hương,nu
vt_cskh_okcphuong4326_ccdng,hương,nu
vt_cskh_okcphuong4326_ccdng_4,hương,nu
vt_cskh_okcphuong8224_cc2,hương,nu
vt_cskh_okcphuong8724_ccdng,hương,nu
vt_cskh_okcphuong9811_ccdng,hương,nu
vt_cskh_okcquang1722_cc2,quang,nam
vt_cskh_okcquyen1032_ccdng,yến,nu
vt_cskh_okcquyen1505_ccdng,yến,nu
vt_cskh_okcquyen4156_ccdng,yến,nu
vt_cskh_okcquynh1010_ccdng,quỳnh,nu
vt_cskh_okcquynh1010_ccdng_4,quỳnh,nu
vt_cskh_okcquynh8853_ccdng,quỳnh,nu
vt_cskh_okcsa9857_ccdng,unknown,unknown
vt_cskh_okcson7287_ccdng,sơn,nam
vt_cskh_okcsuong7097_ccdng,sương,nu
vt_cskh_okctai5834_cc2,unknown,unknown
vt_cskh_okctai7282_ccdng,unknown,unknown
vt_cskh_okctham1175_ccdng,hà,nu
vt_cskh_okctham1875_ccdng,hà,nu
vt_cskh_okctham7307_ccdng,hà,nu
vt_cskh_okcthanh8512_ccdng,ánh,nu
vt_cskh_okcthanh8662_ccdng,ánh,nu
vt_cskh_okcthanh8674_ccdng,ánh,nu
vt_cskh_okcthanh8830_ccdng,ánh,nu
vt_cskh_okcthao3123_ccdng,hào,nam
vt_cskh_okcthao3405_ccdng,hào,nam
vt_cskh_okcthao3405_ccdng_4,hào,nam
vt_cskh_okcthao4761_ccdng,hào,nam
vt_cskh_okcthao7739_ccdng,hào,nam
vt_cskh_okcthao7739_ccdng_3,hào,nam
vt_cskh_okcthao7739_ccdng_4,hào,nam
vt_cskh_okcthao7775_ccdng,hào,nam
vt_cskh_okcthe8895_ccdng,unknown,unknown
vt_cskh_okcthi8660_ccdng,unknown,unknown
vt_cskh_okcthiep3014_ccdng,hiệp,nam
vt_cskh_okctho8328_cc2,unknown,unknown
vt_cskh_okcthoai1170_cc2,hoài,nu
vt_cskh_okcthom4141_ccdng,thơm,nu
vt_cskh_okcthu1291_ccdng,thu,nu
vt_cskh_okcthu1291_ccdng_4,thu,nu
vt_cskh_okcthu7050_ccdng,thu,nu
vt_cskh_okcthu7050_ccdng_4,thu,nu
vt_cskh_okcthu7130_ccdng,thu,nu
vt_cskh_okcthu7130_ccdng_4,thu,nu
vt_cskh_okcthu9796_ccdng,thu,nu
vt_cskh_okcthuan6368_ccdng,thuận,unknown
vt_cskh_okcthuan8225_cc2,thuận,unknown
vt_cskh_okcthuong6190_ccdng,hương,nu
vt_cskh_okcthuong8804_ccdng,hương,nu
vt_cskh_okcthuy1992_ccdng,huy,nam
vt_cskh_okcthuy1992_ccdng_4,huy,nam
vt_cskh_okcthuy2454_ccdng,huy,nam
vt_cskh_okcthuy4580_ccdng,huy,nam
vt_cskh_okcthuy4940_ccdng,huy,nam
vt_cskh_okcthuy6206_ccdng,huy,nam
vt_cskh_okcthuy6206_ccdng_4,huy,nam
vt_cskh_okcthuy7143_ccdng,huy,nam
vt_cskh_okcthuy7178_ccdng,huy,nam
vt_cskh_okcthuy7286_ccdng,huy,nam
vt_cskh_okcthuy7808_ccdng,huy,nam
vt_cskh_okctrang2423_ccdng,trang,nu
vt_cskh_okctrang2584_ccdng,trang,nu
vt_cskh_okctrang3546_ccdng,trang,nu
vt_cskh_okctrang3844_ccdng,trang,nu
vt_cskh_okctrang4150_ccdng,trang,nu
vt_cskh_okctrang7030_ccdng,trang,nu
vt_cskh_okctrang7030_ccdng_4,trang,nu
vt_cskh_okctrang7305_ccdng,trang,nu
vt_cskh_okctrang7378_ccdng,trang,nu
vt_cskh_okctrang7780_ccdng,trang,nu
vt_cskh_okctrinh4851_ccdng,trinh,nu
vt_cskh_okctrinh4851_ccdng_4,trinh,nu
vt_cskh_okctruc8447_cc2,unknown,unknown
vt_cskh_okctu3498_ccdng,unknown,unknown
vt_cskh_okctu3498_ccdng_4,unknown,unknown
vt_cskh_okctu8331_cc2,unknown,unknown
vt_cskh_okctung4250_ccdng,tùng,nam
vt_cskh_okctuong8226_cc2,unknown,unknown
vt_cskh_okctuy7314_ccdng,unknown,unknown
vt_cskh_okctuyen3188_cc2,yến,nu
vt_cskh_okctuyet8884_ccdng,tuyết,nu
vt_cskh_okcvan4876_ccdng,vân,unknown
vt_cskh_okcvi4880_ccdng,unknown,unknown
vt_cskh_okcvi7294_ccdng,unknown,unknown
vt_cskh_okcvi8763_ccdng,unknown,unknown
vt_cskh_okcvi8763_ccdng_4,unknown,unknown
vt_cskh_okcvy8578_cc2,vy,nu
vt_cskh_okcxinh7141_ccdng,unknown,unknown
vt_cskh_okcxoan2573_ccdng,unknown,unknown
vt_cskh_okcxoan2573_ccdng_4,unknown,unknown
vt_cskh_okcxuyen8839_ccdng,yến,nu
vt_cskh_okcy1390_ccdng,unknown,unknown
vt_cskh_okcy1390_ccdng_4,unknown,unknown
vt_cskh_okcy3027_ccdng,unknown,unknown
vt_cskh_okcyen1717_ccdng,yến,nu
vt_cskh_okcyen7142_ccdng,yến,nu
vt_cskh_okcyen7142_ccdng_4,yến,nu
vt_cskh_okcyen9741_ccdng,yến,nu
vt_cskh_ompban8746_cc2,unknown,unknown
vt_cskh_ompdanh204_cc2,ánh,nu
vt_cskh_ompdung2200_cc2,dung,unknown
vt_cskh_omphue8569_cc2,huệ,nu
vt_cskh_omphuong8584_cc2,hương,nu
vt_cskh_omphuyen8461_cc2,yến,nu
vt_cskh_omplien8571_cc2,liên,nu
vt_cskh_ompmai8747_cc2,mai,nu
vt_cskh_ompminh8230_cc2,minh,unknown
vt_cskh_ompngoc8743_cc2,ngọc,nu
vt_cskh_ompphuong8580_cc2,hương,nu
vt_cskh_ompquang8487_cc2,quang,nam
vt_cskh_ompquy7564_cc2,quý,nam
vt_cskh_ompthang8494_cc2,hằng,nu
vt_cskh_ompthoa8462_cc,hoa,nu
vt_cskh_ompthoa8462_cc2,hoa,nu
vt_cskh_ompthong8467_cc2,hồng,nu
vt_cskh_ompthuong8247_cc2,hương,nu
vt_cskh_ompthuy7837_cc2,huy,nam
vt_cskh_omptram8466_cc2,unknown,unknown
vt_cskh_omptran8749_cc2,unknown,unknown
vt_cskh_omptruong8574_cc2,trường,nam
vt_cskh_ompvan8748_cc2,vân,unknown
vt_cskh_ompxuan8742_cc2,xuân,nam
vt_cskh_ontvcuc8514_cc2,unknown,unknown
vt_cskh_ontvdanh7239_cc2,ánh,nu
vt_cskh_ontvdong8507_cc2,unknown,unknown
vt_cskh_ontvduong7310_cc2,dương,unknown
vt_cskh_ontvhanh8508_cc2,ánh,nu
vt_cskh_ontvlan6434_cc2,lan,nu
vt_cskh_ontvlinh6082_cc2,linh,nu
vt_cskh_ontvlinh6838_cc2,linh,nu
vt_cskh_ontvlinh8444_cc2,linh,nu
vt_cskh_ontvnhan3639_cc2,hân,nu
vt_cskh_ontvnhu7934_cc2,nhu,nu
vt_cskh_ontvphat7177_cc2,hà,nu
vt_cskh_ontvquang6245_cc2,quang,nam
vt_cskh_ontvtam6472_cc2,tâm,unknown
vt_cskh_ontvthao7201_cc2,hào,nam
vt_cskh_ontvthuy8238_cc2,huy,nam
vt_cskh_ontvtrung8505_cc2,trung,nam
vt_cskh_ontvtuan6243_cc2,tuấn,nam
vt_cskh_ontvut8511_cc2,unknown,unknown
vt_cskh_ontvvan6486_cc2,vân,unknown
vt_cskh_phucohs5053_ccdng,phúc,nam
vt_cskh_qlcl_ctv_huyhq_cc1,huy,nam
vt_cskh_qlcl_lienntb_cc1,liên,nu
vt_cskh_qlcl_trangct_cc1,trang,nu
vt_cskh_qlcl_tuoict1,unknown,unknown
vt_cskh_qlcldv_dungdt_cc1,dung,unknown
vt_cskh_qlcldv_hoantt_cc1,hoàn,nam
vt_cskh_th_anhntt_ccdng,ánh,nu
vt_cskh_xlbh_hsnhan9688_ccdng,hân,nu
vt_cskh_xlbh_kcthanh9719_ccdng,ánh,nu
vt_cskh_xlbh_kcthanh9719_ccdng_3,ánh,nu
vt_cskh_xlbh_kctrang3417_cc2,trang,nu
vt_cskh_xlbh_mphong4118_cc2,hồng,nu
vt_cskh_xlbh_mpngan4252_cc2,ngân,nu
vt_cskh_xlbh_mpoanh4507_cc2,ánh,nu
vudv1,unknown,unknown
vuna,unknown,unknown
vupa,unknown,unknown
vy6032,vy,nu
vy_cksh_ohshien6236_ccdng,hiền,nu
vylht,vy,nu
vyntt1,vy,nu
vypnt,vy,nu
xuan5046,xuân,nam
xuanttm,xuân,nam
xuyenbp,yến,nu
xuyenbp_4,yến,nu
yen3866,yến,nu
yennguyen_ccdng,yến,nu
yennth,yến,nu
yennth_3,yến,nu
yenvth1,yến,nu
yenvth4,yến,nu
